meeting_key,session_key,driver_number,broadcast_name,full_name,name_acronym,team_name,team_colour,first_name,last_name,headshot_url,country_code
1215,9223,1,P ARON,Paul ARON,ARO,Red Bull Racing,3671C6,Max,Verstappen,https://www.formula1.com/content/dam/fom-website/drivers/M/MAXVER01_Max_Verstappen/maxver01.png.transform/1col/image.png,NED
1215,9223,2,D BEGANOVIC,Dino BEGANOVIC,BEG,Williams,37BEDD,Logan,Sargeant,https://www.formula1.com/content/dam/fom-website/drivers/L/LOGSAR01_Logan_Sargeant/logsar01.png.transform/1col/image.png,USA
1215,9223,3,Z O'SULLIVAN,Zak O'SULLIVAN,OSU,AlphaTauri,5E8FAA,Daniel,Ricciardo,,AUS
1215,9223,4,L FORNAROLI,Leonardo FORNAROLI,FOR,McLaren,F58020,Lando,Norris,https://www.formula1.com/content/dam/fom-website/drivers/L/LANNOR01_Lando_Norris/lannor01.png.transform/1col/image.png,GBR
1215,9223,5,G BORTOLETO,Gabriel BORTOLETO,BOR,,,,,,
1215,9223,6,O GOETHE,Oliver GOETHE,GOE,,,,,,
1215,9223,7,K FREDERICK,Kaylen FREDERICK,FRE,,,,,,
1215,9223,8,G SAUCY,Gregoire SAUCY,SAU,,,,,,
1215,9223,9,N TSOLOV,Nikola TSOLOV,TSO,,,,,,
1215,9223,10,F COLAPINTO,Franco COLAPINTO,FCO,Alpine,2293D1,Pierre,Gasly,https://www.formula1.com/content/dam/fom-website/drivers/P/PIEGAS01_Pierre_Gasly/piegas01.png.transform/1col/image.png,FRA
1215,9223,11,M BOYA,Mari BOYA,BOY,Red Bull Racing,3671C6,Sergio,Perez,https://www.formula1.com/content/dam/fom-website/drivers/S/SERPER01_Sergio_Perez/serper01.png.transform/1col/image.png,MEX
1215,9223,12,J EDGAR,Jonny EDGAR,EDG,,,,,,
1215,9223,14,S MONTOYA,Sebastian MONTOYA,MON,Aston Martin,358C75,Fernando,Alonso,https://www.formula1.com/content/dam/fom-website/drivers/F/FERALO01_Fernando_Alonso/feralo01.png.transform/1col/image.png,ESP
1215,9223,15,G MINI,Gabriele MINI,MIN,,,,,,
1215,9223,16,L BROWNING,Luke BROWNING,BRO,Ferrari,F91536,Charles,Leclerc,https://www.formula1.com/content/dam/fom-website/drivers/C/CHALEC01_Charles_Leclerc/chalec01.png.transform/1col/image.png,MON
1215,9223,17,C COLLET,Caio COLLET,CCO,,,,,,
1215,9223,18,R VILLAGOMEZ,Rafael VILLAGOMEZ,VIL,Aston Martin,358C75,Lance,Stroll,https://www.formula1.com/content/dam/fom-website/drivers/L/LANSTR01_Lance_Stroll/lanstr01.png.transform/1col/image.png,CAN
1215,9223,19,T SMITH,Tommy SMITH,SMI,,,,,,
1215,9223,20,O GRAY,Oliver GRAY,GRA,Haas F1 Team,B6BABD,Kevin,Magnussen,https://www.formula1.com/content/dam/fom-website/drivers/K/KEVMAG01_Kevin_Magnussen/kevmag01.png.transform/1col/image.png,DEN
1215,9223,21,M ESTERSON,Maxwell ESTERSON,EST,,,,,,
1215,9223,22,I COHEN,Ido COHEN,COH,AlphaTauri,5E8FAA,Yuki,Tsunoda,https://www.formula1.com/content/dam/fom-website/drivers/Y/YUKTSU01_Yuki_Tsunoda/yuktsu01.png.transform/1col/image.png,JPN
1215,9223,23,J MARTI,Josep Maria MARTI,MAR,Williams,37BEDD,Alexander,Albon,https://www.formula1.com/content/dam/fom-website/drivers/A/ALEALB01_Alexander_Albon/alealb01.png.transform/1col/image.png,THA
1215,9223,24,C MANSELL,Christian MANSELL,MAN,Alfa Romeo,C92D4B,Guanyu,Zhou,https://www.formula1.com/content/dam/fom-website/drivers/G/GUAZHO01_Guanyu_Zhou/guazho01.png.transform/1col/image.png,CHN
1215,9223,25,H BARTER,Hugh BARTER,HBA,,,,,,
1215,9223,26,N BEDRIN,Nikita BEDRIN,BED,,,,,,
1215,9223,27,T BARNARD,Taylor BARNARD,TBA,Haas F1 Team,B6BABD,Nico,Hulkenberg,https://www.formula1.com/content/dam/fom-website/drivers/N/NICHUL01_Nico_Hulkenberg/nichul01.png.transform/1col/image.png,GER
1215,9223,28,A GARCIA,Alejandro GARCIA,GAR,,,,,,
1215,9223,29,S FLOERSCH,Sophia FLOERSCH,FLO,,,,,,
1215,9223,30,R FARIA,Roberto FARIA,FAR,,,,,,
1215,9223,31,W SHIN,Woohyun SHIN,SHI,Alpine,2293D1,Esteban,Ocon,https://www.formula1.com/content/dam/fom-website/drivers/E/ESTOCO01_Esteban_Ocon/estoco01.png.transform/1col/image.png,FRA
1215,9223,44,L HAMILTON,Lewis HAMILTON,HAM,Mercedes,6CD3BF,Lewis,Hamilton,https://www.formula1.com/content/dam/fom-website/drivers/L/LEWHAM01_Lewis_Hamilton/lewham01.png.transform/1col/image.png,GBR
1215,9223,55,C SAINZ,Carlos SAINZ,SAI,Ferrari,F91536,Carlos,Sainz,https://www.formula1.com/content/dam/fom-website/drivers/C/CARSAI01_Carlos_Sainz/carsai01.png.transform/1col/image.png,ESP
1215,9223,63,G RUSSELL,George RUSSELL,RUS,Mercedes,6CD3BF,George,Russell,https://www.formula1.com/content/dam/fom-website/drivers/G/GEORUS01_George_Russell/georus01.png.transform/1col/image.png,GBR
1215,9223,77,V BOTTAS,Valtteri BOTTAS,BOT,Alfa Romeo,C92D4B,Valtteri,Bottas,https://www.formula1.com/content/dam/fom-website/drivers/V/VALBOT01_Valtteri_Bottas/valbot01.png.transform/1col/image.png,FIN
1215,9223,81,O PIASTRI,Oscar PIASTRI,PIA,McLaren,F58020,Oscar,Piastri,https://www.formula1.com/content/dam/fom-website/drivers/O/OSCPIA01_Oscar_Piastri/oscpia01.png.transform/1col/image.png,AUS
